timestamp,t_s,cm,rssi,up,n
2026-09-30T14:21:06.485,0.172,49.8,-18,8267,40595
2026-09-30T14:21:06.561,0.249,50.4,-18,8267,40596
2026-09-30T14:21:06.846,0.534,52.1,-17,8267,40597
2026-09-30T14:21:07.070,0.758,52.8,-18,8268,40598
2026-09-30T14:21:07.264,0.952,54.0,-18,8268,40599
2026-09-30T14:21:07.462,1.150,58.9,-18,8268,40600
2026-09-30T14:21:07.669,1.357,50.5,-20,8268,40601
2026-09-30T14:21:07.879,1.566,55.0,-18,8268,40602
2026-09-30T14:21:08.075,1.763,51.4,-18,8269,40603
2026-09-30T14:21:08.285,1.972,51.4,-18,8269,40604
2026-09-30T14:21:08.387,2.075,51.4,-18,8269,40604
2026-09-30T14:21:08.593,2.281,17.5,-20,8269,40605
2026-09-30T14:21:08.800,2.487,14.5,-18,8269,40606
2026-09-30T14:21:08.995,2.683,16.5,-18,8269,40607
2026-09-30T14:21:09.204,2.891,50.2,-18,8270,40608
2026-09-30T14:21:09.412,3.100,50.2,-20,8270,40609
2026-09-30T14:21:09.611,3.299,50.2,-20,8270,40610
2026-09-30T14:21:09.819,3.506,51.1,-20,8270,40611
2026-09-30T14:21:10.027,3.715,50.5,-20,8270,40612
2026-09-30T14:21:10.225,3.912,55.9,-19,8271,40613
2026-09-30T14:21:10.433,4.121,50.9,-18,8271,40614
2026-09-30T14:21:10.643,4.330,49.6,-20,8271,40615
2026-09-30T14:21:10.840,4.528,50.7,-18,8271,40616
2026-09-30T14:21:11.048,4.736,49.2,-19,8272,40617
2026-09-30T14:21:11.258,4.946,49.2,-20,8272,40618
2026-09-30T14:21:11.456,5.144,48.8,-20,8272,40619
2026-09-30T14:21:11.663,5.351,53.1,-18,8272,40620
2026-09-30T14:21:11.871,5.559,57.9,-20,8272,40621
2026-09-30T14:21:12.077,5.765,17.1,-20,8273,40622
2026-09-30T14:21:12.274,5.962,52.4,-19,8273,40623
2026-09-30T14:21:12.483,6.171,50.2,-20,8273,40624
2026-09-30T14:21:12.682,6.369,50.4,-20,8273,40625
2026-09-30T14:21:12.889,6.577,47.3,-19,8273,40626
2026-09-30T14:21:13.098,6.786,48.6,-20,8274,40627
2026-09-30T14:21:13.297,6.985,49.2,-20,8274,40628
2026-09-30T14:21:13.505,7.193,51.7,-18,8274,40629
2026-09-30T14:21:13.713,7.401,55.7,-18,8274,40630
2026-09-30T14:21:13.823,7.511,54.7,-19,8274,40631
2026-09-30T14:21:14.017,7.705,54.7,-18,8274,40631
2026-09-30T14:21:14.222,7.910,12.5,-19,8275,40632
2026-09-30T14:21:14.429,8.117,37.9,-18,8275,40633
2026-09-30T14:21:14.637,8.325,38.6,-18,8275,40634
2026-09-30T14:21:14.832,8.520,16.5,-18,8275,40635
2026-09-30T14:21:15.042,8.730,51.0,-20,8276,40636
2026-09-30T14:21:15.250,8.938,52.8,-19,8276,40637
2026-09-30T14:21:15.447,9.135,50.5,-20,8276,40638
2026-09-30T14:21:15.657,9.345,50.5,-20,8276,40639
2026-09-30T14:21:15.866,9.553,51.1,-18,8276,40640
2026-09-30T14:21:16.062,9.750,51.1,-20,8277,40641
2026-09-30T14:21:16.271,9.958,50.7,-18,8277,40642
2026-09-30T14:21:16.478,10.166,50.7,-19,8277,40643
2026-09-30T14:21:16.686,10.374,50.7,-18,8277,40644
2026-09-30T14:21:16.884,10.572,51.2,-18,8277,40645
2026-09-30T14:21:17.093,10.781,51.6,-20,8278,40646
2026-09-30T14:21:17.290,10.978,51.2,-18,8278,40647
2026-09-30T14:21:17.499,11.187,51.2,-21,8278,40648
2026-09-30T14:21:17.706,11.394,51.6,-18,8278,40649
2026-09-30T14:21:17.914,11.602,50.7,-17,8278,40650
2026-09-30T14:21:18.111,11.799,50.2,-22,8279,40651
2026-09-30T14:21:18.320,12.008,52.1,-20,8279,40652
2026-09-30T14:21:18.528,12.216,55.0,-18,8279,40653
2026-09-30T14:21:18.727,12.415,64.5,-18,8279,40654
2026-09-30T14:21:18.935,12.623,-1.0,-20,8279,40655
2026-09-30T14:21:19.019,12.706,-1.0,-20,8279,40655
2026-09-30T14:21:19.241,12.929,45.3,-20,8280,40657
2026-09-30T14:21:19.449,13.137,56.1,-21,8280,40658
2026-09-30T14:21:19.657,13.345,52.1,-19,8280,40659
2026-09-30T14:21:19.865,13.553,35.5,-20,8280,40660
2026-09-30T14:21:20.057,13.745,35.5,-19,8281,40660
2026-09-30T14:21:20.264,13.952,30.2,-19,8281,40661
2026-09-30T14:21:20.471,14.159,21.0,-18,8281,40662
2026-09-30T14:21:20.677,14.365,18.1,-20,8281,40663
2026-09-30T14:21:20.883,14.571,9.1,-18,8281,40664
2026-09-30T14:21:21.088,14.776,3.6,-20,8282,40665
2026-09-30T14:21:21.293,14.981,3.6,-18,8282,40666
2026-09-30T14:21:21.498,15.186,2.6,-18,8282,40667
2026-09-30T14:21:21.703,15.391,3.3,-20,8282,40668
2026-09-30T14:21:21.909,15.597,13.1,-18,8282,40669
2026-09-30T14:21:22.104,15.792,12.5,-19,8283,40670
2026-09-30T14:21:22.313,16.001,48.2,-19,8283,40671
2026-09-30T14:21:22.521,16.209,56.2,-18,8283,40672
2026-09-30T14:21:22.718,16.406,-1.0,-20,8283,40673
2026-09-30T14:21:22.926,16.614,-1.0,-18,8283,40674
2026-09-30T14:21:23.135,16.823,-1.0,-20,8284,40675
2026-09-30T14:21:23.333,17.021,-1.0,-20,8284,40676
2026-09-30T14:21:23.542,17.230,-1.0,-19,8284,40677
2026-09-30T14:21:23.750,17.438,-1.0,-20,8284,40678
2026-09-30T14:21:23.948,17.636,-1.0,-19,8284,40679
2026-09-30T14:21:24.157,17.845,-1.0,-18,8285,40680
2026-09-30T14:21:24.365,18.053,-1.0,-21,8285,40681
2026-09-30T14:21:24.464,18.152,-1.0,-19,8285,40682
2026-09-30T14:21:24.662,18.350,-1.0,-20,8285,40683
2026-09-30T14:21:24.871,18.559,-1.0,-20,8285,40684
2026-09-30T14:21:25.079,18.767,-1.0,-19,8286,40685
2026-09-30T14:21:25.287,18.975,-1.0,-20,8286,40686
2026-09-30T14:21:25.484,19.172,-1.0,-21,8286,40687
2026-09-30T14:21:25.692,19.380,59.4,-19,8286,40688
2026-09-30T14:21:25.901,19.589,47.1,-19,8286,40689
2026-09-30T14:21:26.098,19.786,36.7,-19,8287,40690
2026-09-30T14:21:26.306,19.993,22.9,-19,8287,40691
2026-09-30T14:21:26.512,20.200,21.7,-18,8287,40692
2026-09-30T14:21:26.719,20.407,16.5,-18,8287,40693
2026-09-30T14:21:26.924,20.612,9.4,-22,8287,40694
2026-09-30T14:21:27.130,20.818,4.9,-21,8288,40695
2026-09-30T14:21:27.336,21.024,7.8,-19,8288,40696
2026-09-30T14:21:27.543,21.231,20.7,-19,8288,40697
2026-09-30T14:21:27.735,21.423,20.7,-18,8288,40697
2026-09-30T14:21:27.942,21.630,35.8,-19,8288,40698
2026-09-30T14:21:28.149,21.837,33.9,-20,8289,40699
2026-09-30T14:21:28.355,22.043,17.5,-19,8289,40700
2026-09-30T14:21:28.561,22.249,16.2,-20,8289,40701
2026-09-30T14:21:28.768,22.456,32.3,-19,8289,40702
2026-09-30T14:21:28.964,22.652,33.9,-20,8289,40703
2026-09-30T14:21:29.173,22.861,52.6,-20,8290,40704
2026-09-30T14:21:29.381,23.069,43.3,-19,8290,40705
2026-09-30T14:21:29.468,23.156,36.3,-19,8290,40706
2026-09-30T14:21:29.785,23.473,29.7,-18,8290,40707
2026-09-30T14:21:29.893,23.581,26.5,-20,8290,40708
2026-09-30T14:21:30.099,23.787,11.1,-21,8291,40709
2026-09-30T14:21:30.305,23.993,8.7,-22,8291,40710
2026-09-30T14:21:30.500,24.188,16.8,-22,8291,40711
2026-09-30T14:21:30.707,24.395,35.2,-20,8291,40712
2026-09-30T14:21:30.915,24.603,51.0,-19,8291,40713
2026-09-30T14:21:31.124,24.812,61.5,-19,8292,40714
2026-09-30T14:21:31.322,25.010,57.9,-20,8292,40715
2026-09-30T14:21:31.531,25.219,48.8,-18,8292,40716
2026-09-30T14:21:31.732,25.420,36.5,-18,8292,40717
2026-09-30T14:21:31.936,25.623,33.4,-21,8292,40718
2026-09-30T14:21:32.143,25.831,23.8,-18,8293,40719
2026-09-30T14:21:32.350,26.038,14.5,-20,8293,40720
2026-09-30T14:21:32.556,26.243,6.5,-20,8293,40721
2026-09-30T14:21:32.761,26.449,8.7,-18,8293,40722
2026-09-30T14:21:32.957,26.645,21.4,-18,8293,40723
2026-09-30T14:21:33.165,26.853,38.6,-19,8294,40724
2026-09-30T14:21:33.374,27.062,49.2,-19,8294,40725
2026-09-30T14:21:33.572,27.260,50.5,-19,8294,40726
2026-09-30T14:21:33.781,27.469,50.5,-19,8294,40727
2026-09-30T14:21:33.989,27.677,41.2,-20,8294,40728
2026-09-30T14:21:34.197,27.885,32.1,-19,8295,40729
2026-09-30T14:21:34.393,28.081,20.1,-20,8295,40730
2026-09-30T14:21:34.598,28.286,10.1,-18,8295,40731
2026-09-30T14:21:34.803,28.491,7.8,-18,8295,40732
2026-09-30T14:21:35.010,28.698,14.5,-19,8295,40733
2026-09-30T14:21:35.216,28.903,25.0,-21,8296,40734
2026-09-30T14:21:35.320,29.007,25.0,-17,8296,40734
2026-09-30T14:21:35.527,29.215,45.9,-20,8296,40735
2026-09-30T14:21:35.725,29.413,58.4,-20,8296,40736
2026-09-30T14:21:35.934,29.622,-1.0,-21,8296,40737
2026-09-30T14:21:36.142,29.830,-1.0,-19,8297,40738
2026-09-30T14:21:36.340,30.028,-1.0,-20,8297,40739
2026-09-30T14:21:36.548,30.236,-1.0,-20,8297,40740
2026-09-30T14:21:36.756,30.444,-1.0,-21,8297,40741
2026-09-30T14:21:36.954,30.642,-1.0,-22,8297,40742
2026-09-30T14:21:37.163,30.851,-1.0,-18,8298,40743
2026-09-30T14:21:37.360,31.048,-1.0,-18,8298,40744
2026-09-30T14:21:37.569,31.256,-1.0,-18,8298,40745
2026-09-30T14:21:37.788,31.476,-1.0,-19,8298,40746
2026-09-30T14:21:37.985,31.672,-1.0,-18,8298,40747
2026-09-30T14:21:38.182,31.870,-1.0,-18,8299,40748
2026-09-30T14:21:38.391,32.079,62.6,-18,8299,40749
2026-09-30T14:21:38.598,32.286,58.6,-19,8299,40750
2026-09-30T14:21:38.795,32.483,55.4,-18,8299,40751
2026-09-30T14:21:39.004,32.691,51.1,-19,8299,40752
2026-09-30T14:21:39.213,32.901,49.4,-19,8300,40753
2026-09-30T14:21:39.317,33.004,49.4,-19,8300,40753
2026-09-30T14:21:39.630,33.318,50.4,-21,8300,40755
2026-09-30T14:21:39.828,33.515,56.4,-21,8300,40756
2026-09-30T14:21:40.026,33.713,-1.0,-19,8300,40757
2026-09-30T14:21:40.236,33.924,-1.0,-19,8301,40758
2026-09-30T14:21:40.327,34.014,-1.0,-19,8301,40758
2026-09-30T14:21:40.640,34.328,-1.0,-18,8301,40760
2026-09-30T14:21:40.743,34.430,-1.0,-19,8301,40760
2026-09-30T14:21:40.952,34.640,-1.0,-20,8301,40761
2026-09-30T14:21:41.150,34.837,-1.0,-18,8302,40762
2026-09-30T14:21:41.356,35.044,12.5,-20,8302,40763
2026-09-30T14:21:41.565,35.253,52.1,-18,8302,40764
2026-09-30T14:21:41.773,35.460,38.9,-20,8302,40765
2026-09-30T14:21:41.970,35.657,31.3,-20,8302,40766
2026-09-30T14:21:42.177,35.865,43.7,-20,8303,40767
2026-09-30T14:21:42.384,36.071,16.5,-18,8303,40768
2026-09-30T14:21:42.590,36.278,9.8,-20,8303,40769
2026-09-30T14:21:42.795,36.482,5.2,-18,8303,40770
2026-09-30T14:21:43.001,36.688,7.8,-21,8303,40771
2026-09-30T14:21:43.206,36.893,9.4,-19,8304,40772
2026-09-30T14:21:43.412,37.100,2.6,-19,8304,40773
2026-09-30T14:21:43.617,37.304,2.0,-20,8304,40774
2026-09-30T14:21:43.813,37.501,2.3,-20,8304,40775
2026-09-30T14:21:44.018,37.706,2.9,-19,8304,40776
2026-09-30T14:21:44.223,37.911,3.9,-19,8305,40777
2026-09-30T14:21:44.428,38.116,2.6,-20,8305,40778
2026-09-30T14:21:44.633,38.321,2.9,-19,8305,40779
2026-09-30T14:21:44.838,38.526,7.4,-21,8305,40780
2026-09-30T14:21:45.044,38.731,2.0,-19,8306,40781
2026-09-30T14:21:45.250,38.937,2.3,-19,8306,40782
2026-09-30T14:21:45.455,39.143,2.0,-20,8306,40783
2026-09-30T14:21:45.661,39.349,2.3,-19,8306,40784
2026-09-30T14:21:45.866,39.553,2.3,-20,8306,40785
2026-09-30T14:21:45.961,39.649,4.6,-21,8306,40786
2026-09-30T14:21:46.168,39.856,4.5,-20,8307,40787
2026-09-30T14:21:46.373,40.061,8.4,-21,8307,40788
2026-09-30T14:21:46.578,40.266,9.1,-20,8307,40789
2026-09-30T14:21:46.783,40.470,11.8,-20,8307,40790
2026-09-30T14:21:46.989,40.677,13.1,-21,8307,40791
2026-09-30T14:21:47.195,40.883,16.2,-19,8308,40792
2026-09-30T14:21:47.401,41.088,17.1,-19,8308,40793
2026-09-30T14:21:47.607,41.294,24.1,-21,8308,40794
2026-09-30T14:21:47.815,41.503,31.3,-18,8308,40795
2026-09-30T14:21:48.023,41.710,40.3,-18,8308,40796
2026-09-30T14:21:48.230,41.918,48.8,-20,8309,40797
2026-09-30T14:21:48.422,42.109,48.8,-19,8309,40797
2026-09-30T14:21:48.628,42.315,18.1,-20,8309,40798
2026-09-30T14:21:48.834,42.521,16.5,-19,8309,40799
2026-09-30T14:21:49.041,42.728,33.4,-20,8310,40800
2026-09-30T14:21:49.248,42.935,34.2,-19,8310,40801
2026-09-30T14:21:49.455,43.142,34.5,-19,8310,40802
2026-09-30T14:21:49.651,43.339,37.7,-19,8310,40803
2026-09-30T14:21:49.861,43.549,-1.0,-20,8310,40804
2026-09-30T14:21:50.058,43.745,-1.0,-20,8311,40805
2026-09-30T14:21:50.268,43.955,-1.0,-21,8311,40806
2026-09-30T14:21:50.475,44.162,-1.0,-21,8311,40807
2026-09-30T14:21:50.673,44.361,-1.0,-19,8311,40808
2026-09-30T14:21:50.882,44.569,-1.0,-20,8311,40809
